{"cameraMode":{"drawMode":0,"name":"Shaded","section":"Shading Mode"},"sceneLighting":true,"audioPlay":false,"sceneViewState":{"m_AlwaysRefresh":false,"showFog":true,"showSkybox":true,"showFlares":true,"showImageEffects":true,"showParticleSystems":true,"showVisualEffectGraphs":true,"m_FxEnabled":true},"in2DMode":false,"pivot":{"x":0.0741574764251709,"y":-3.0025315284729006,"z":1.2944161891937256},"rotation":{"x":-0.10998836159706116,"y":0.8793154358863831,"z":-0.24649372696876527,"w":-0.3923608660697937},"size":15.148625373840332,"orthographic":false}